{"images":[
{"size":"20x20","idiom":"iphone","filename":"sponsoricon-20@2x.png","scale":"2x"},
{"size":"20x20","idiom":"iphone","filename":"sponsoricon-20@3x.png","scale":"3x"},
{"size":"29x29","idiom":"iphone","filename":"sponsoricon-29.png","scale":"1x"},
{"size":"29x29","idiom":"iphone","filename":"sponsoricon-29@2x.png","scale":"2x"},
{"size":"29x29","idiom":"iphone","filename":"sponsoricon-29@3x.png","scale":"3x"},
{"size":"40x40","idiom":"iphone","filename":"sponsoricon-40@2x.png","scale":"2x"},
{"size":"40x40","idiom":"iphone","filename":"sponsoricon-40@3x.png","scale":"3x"},
{"size":"57x57","idiom":"iphone","filename":"sponsoricon-57.png","scale":"1x"},
{"size":"57x57","idiom":"iphone","filename":"sponsoricon-57@2x.png","scale":"2x"},
{"size":"60x60","idiom":"iphone","filename":"sponsoricon-60@2x.png","scale":"2x"},
{"size":"60x60","idiom":"iphone","filename":"sponsoricon-60@3x.png","scale":"3x"},
{"size":"20x20","idiom":"ipad","filename":"sponsoricon-20.png","scale":"1x"},
{"size":"20x20","idiom":"ipad","filename":"sponsoricon-20@2x.png","scale":"2x"},
{"size":"29x29","idiom":"ipad","filename":"sponsoricon-29.png","scale":"1x"},
{"size":"29x29","idiom":"ipad","filename":"sponsoricon-29@2x.png","scale":"2x"},
{"size":"40x40","idiom":"ipad","filename":"sponsoricon-40.png","scale":"1x"},
{"size":"40x40","idiom":"ipad","filename":"sponsoricon-40@2x.png","scale":"2x"},
{"size":"50x50","idiom":"ipad","filename":"sponsoricon-50.png","scale":"1x"},
{"size":"50x50","idiom":"ipad","filename":"sponsoricon-50@2x.png","scale":"2x"},
{"size":"72x72","idiom":"ipad","filename":"sponsoricon-72.png","scale":"1x"},
{"size":"72x72","idiom":"ipad","filename":"sponsoricon-72@2x.png","scale":"2x"},
{"size":"76x76","idiom":"ipad","filename":"sponsoricon-76.png","scale":"1x"},
{"size":"76x76","idiom":"ipad","filename":"sponsoricon-76@2x.png","scale":"2x"},
{"size":"83.5x83.5","idiom":"ipad","filename":"sponsoricon-83.5@2x.png","scale":"2x"}
],"info":{"version":1,"author":"xcode"}}