{"images":[
{"size":"20x20","idiom":"iphone","filename":"welcome-20@2x.png","scale":"2x"},
{"size":"20x20","idiom":"iphone","filename":"welcome-20@3x.png","scale":"3x"},
{"size":"29x29","idiom":"iphone","filename":"welcome-29.png","scale":"1x"},
{"size":"29x29","idiom":"iphone","filename":"welcome-29@2x.png","scale":"2x"},
{"size":"29x29","idiom":"iphone","filename":"welcome-29@3x.png","scale":"3x"},
{"size":"40x40","idiom":"iphone","filename":"welcome-40@2x.png","scale":"2x"},
{"size":"40x40","idiom":"iphone","filename":"welcome-40@3x.png","scale":"3x"},
{"size":"57x57","idiom":"iphone","filename":"welcome-57.png","scale":"1x"},
{"size":"57x57","idiom":"iphone","filename":"welcome-57@2x.png","scale":"2x"},
{"size":"60x60","idiom":"iphone","filename":"welcome-60@2x.png","scale":"2x"},
{"size":"60x60","idiom":"iphone","filename":"welcome-60@3x.png","scale":"3x"},
{"size":"20x20","idiom":"ipad","filename":"welcome-20.png","scale":"1x"},
{"size":"20x20","idiom":"ipad","filename":"welcome-20@2x.png","scale":"2x"},
{"size":"29x29","idiom":"ipad","filename":"welcome-29.png","scale":"1x"},
{"size":"29x29","idiom":"ipad","filename":"welcome-29@2x.png","scale":"2x"},
{"size":"40x40","idiom":"ipad","filename":"welcome-40.png","scale":"1x"},
{"size":"40x40","idiom":"ipad","filename":"welcome-40@2x.png","scale":"2x"},
{"size":"50x50","idiom":"ipad","filename":"welcome-50.png","scale":"1x"},
{"size":"50x50","idiom":"ipad","filename":"welcome-50@2x.png","scale":"2x"},
{"size":"72x72","idiom":"ipad","filename":"welcome-72.png","scale":"1x"},
{"size":"72x72","idiom":"ipad","filename":"welcome-72@2x.png","scale":"2x"},
{"size":"76x76","idiom":"ipad","filename":"welcome-76.png","scale":"1x"},
{"size":"76x76","idiom":"ipad","filename":"welcome-76@2x.png","scale":"2x"},
{"size":"83.5x83.5","idiom":"ipad","filename":"welcome-83.5@2x.png","scale":"2x"}
],"info":{"version":1,"author":"xcode"}}